,Unnamed: 0,postcode,geometry,total_households_in_postcode
0,1052803,EN4 0,POINT (-0.1687473308241547 51.66176239080847),1897
1,1052804,EN4 0,POINT (-0.1701042675829159 51.66640906799022),1897
